{
  "version": 1,
  "author": "Anonymous maker",
  "editor": "wokwi",
  "parts": [
    { "type": "board-esp32-s3-devkitc-1", "id": "esp", "top": -57.78, "left": 42.97, "attrs": {} },
    {
      "type": "wokwi-pushbutton",
      "id": "btn1",
      "top": 35,
      "left": -144,
      "attrs": { "color": "black", "xray": "1" }
    },
    { "type": "wokwi-led", "id": "led1", "top": 54, "left": 224.6, "attrs": { "color": "blue" } },
    {
      "type": "wokwi-resistor",
      "id": "r1",
      "top": 90.35,
      "left": 163.2,
      "attrs": { "value": "1000" }
    },
    {
      "type": "wokwi-pushbutton",
      "id": "btn2",
      "top": 92.6,
      "left": -144,
      "attrs": { "color": "black", "xray": "1" }
    },
    {
      "type": "wokwi-pushbutton",
      "id": "btn3",
      "top": 207.8,
      "left": -144,
      "attrs": { "color": "black", "xray": "1" }
    },
    {
      "type": "wokwi-pushbutton",
      "id": "btn4",
      "top": 265.4,
      "left": -144,
      "attrs": { "color": "black", "xray": "1" }
    },
    {
      "type": "wokwi-led",
      "id": "led2",
      "top": 178.8,
      "left": 224.6,
      "attrs": { "color": "red" }
    },
    {
      "type": "wokwi-led",
      "id": "led3",
      "top": 111.6,
      "left": 224.6,
      "attrs": { "color": "white" }
    },
    {
      "type": "wokwi-led",
      "id": "led4",
      "top": 246,
      "left": 224.6,
      "attrs": { "color": "green" }
    },
    {
      "type": "wokwi-resistor",
      "id": "r2",
      "top": 147.95,
      "left": 163.2,
      "attrs": { "value": "1000" }
    },
    {
      "type": "wokwi-resistor",
      "id": "r3",
      "top": 215.15,
      "left": 163.2,
      "attrs": { "value": "1000" }
    },
    {
      "type": "wokwi-resistor",
      "id": "r4",
      "top": 282.35,
      "left": 163.2,
      "attrs": { "value": "1000" }
    }
  ],
  "connections": [
    [ "esp:TX", "$serialMonitor:RX", "", [] ],
    [ "esp:RX", "$serialMonitor:TX", "", [] ],
    [ "esp:GND.1", "btn1:1.l", "black", [ "v153.6", "h-240.05", "v-278.4" ] ],
    [ "led1:C", "r1:2", "blue", [ "v0" ] ],
    [ "led1:A", "esp:1", "blue", [ "h28.8", "v-96" ] ],
    [ "esp:GND.1", "btn2:1.l", "black", [ "h-220.85", "v-67.2" ] ],
    [ "esp:GND.1", "btn3:1.l", "black", [ "h0" ] ],
    [ "esp:GND.1", "btn4:1.l", "black", [ "h-211.25", "v105.6" ] ],
    [ "esp:4", "btn1:2.r", "blue", [ "h-105.65", "v67" ] ],
    [ "esp:5", "btn2:2.r", "white", [ "h-76.85", "v115" ] ],
    [ "esp:6", "btn3:2.r", "red", [ "h-48.05", "v220.6" ] ],
    [ "esp:7", "btn4:2.r", "green", [ "h-19.25", "v268.6" ] ],
    [ "r2:2", "led3:C", "white", [ "v0" ] ],
    [ "led3:A", "esp:2", "white", [ "h57.6", "v-144" ] ],
    [ "r3:2", "led2:C", "red", [ "v0" ] ],
    [ "r4:2", "led4:C", "green", [ "v0" ] ],
    [ "r2:1", "esp:GND.3", "black", [ "v0" ] ],
    [ "r1:1", "esp:GND.3", "black", [ "v38.4", "h-28.8" ] ],
    [ "r3:1", "esp:GND.4", "black", [ "v0" ] ],
    [ "r4:1", "esp:GND.4", "black", [ "v-38.4", "h-28.8" ] ],
    [ "led2:A", "esp:42", "red", [ "h86.4", "v-201.6" ] ],
    [ "led4:A", "esp:41", "green", [ "h115.2", "v-259.2" ] ]
  ],
  "dependencies": {}
}